spabalimoon.com/news,https://spabalimoon.com/guide,301,TRUE,TRUE,TRUE,TRUE
spabalimoon.com/blog,https://spabalimoon.com/guide,301,TRUE,TRUE,TRUE,TRUE
spabalimoon.com/cheap-massage-seminyak-bali-price-list.html,https://spabalimoon.com/seminyak/,301,TRUE,TRUE,TRUE,FALSE
spabalimoon.com/cheap-massage-seminyak-bali-price-list,https://spabalimoon.com/seminyak/,301,TRUE,TRUE,TRUE,FALSE
spabalimoon.com/spa-massage-seminyak-bali-price-list,https://spabalimoon.com/seminyak/,301,TRUE,TRUE,TRUE,FALSE
spabalimoon.com/spa-treatments,https://spabalimoon.com/seminyak/,301,TRUE,TRUE,TRUE,FALSE
spabalimoon.com/spa-treatments/foot-reflexology-seminyak-bali,https://spabalimoon.com/seminyak/foot-reflexology/,301,TRUE,TRUE,TRUE,FALSE
spabalimoon.com/spa-treatments/reflexology-bali,https://spabalimoon.com/seminyak/foot-reflexology/,301,TRUE,TRUE,TRUE,FALSE
spabalimoon.com/spa-treatments/waxing-bali,https://spabalimoon.com/seminyak/waxing-salon/,301,TRUE,TRUE,TRUE,FALSE
spabalimoon.com/spa-treatments/couple-spa-bali,https://spabalimoon.com/seminyak/couple-spa/,301,TRUE,TRUE,TRUE,FALSE
spabalimoon.com/spa-treatments/ear-candle-bali,https://spabalimoon.com/seminyak/ear-wax-removal/,301,TRUE,TRUE,TRUE,FALSE
spabalimoon.com/spa-treatments/lymphatic-drainage-massage-bali,https://spabalimoon.com/seminyak/lymphatic-drainage-massage/,301,TRUE,TRUE,TRUE,FALSE
spabalimoon.com/spa-treatments/facial-seminyak,https://spabalimoon.com/seminyak/facial/,301,TRUE,TRUE,TRUE,FALSE
spabalimoon.com/spa-treatments/body-scrub-bali,https://spabalimoon.com/seminyak/body-scrub/,301,TRUE,TRUE,TRUE,FALSE
spabalimoon.com/spa-treatments/nails-seminyak,https://spabalimoon.com/seminyak/nail-spa/,301,TRUE,TRUE,TRUE,FALSE
spabalimoon.com/spa-treatments/creambath-seminyak,https://spabalimoon.com/seminyak/creambath/,301,TRUE,TRUE,TRUE,FALSE
spabalimoon.com/spa-treatments/manicure-pedicure-seminyak,https://spabalimoon.com/seminyak/manicure-pedicure/,301,TRUE,TRUE,TRUE,FALSE
spabalimoon.com/spa-treatments/sport-massage-bali,https://spabalimoon.com/seminyak/sport-massage/,301,TRUE,TRUE,TRUE,FALSE
spabalimoon.com/spa-treatments/sunburn-massage-treatment-bali,https://spabalimoon.com/seminyak/sunburn-massage/,301,TRUE,TRUE,TRUE,FALSE
spabalimoon.com/spa-treatments/thai-massage-bali,https://spabalimoon.com/seminyak/thai-massage/,301,TRUE,TRUE,TRUE,FALSE
spabalimoon.com/spa-treatments/anti-cellulite-massage-bali,https://spabalimoon.com/seminyak/anti-cellulite-massage/,301,TRUE,TRUE,TRUE,FALSE
spabalimoon.com/spa-treatments/hot-stone-massage-bali,https://spabalimoon.com/seminyak/hot-stone-massage/,301,TRUE,TRUE,TRUE,FALSE
spabalimoon.com/spa-treatments/coconut-oil-massage,https://spabalimoon.com/seminyak/coconut-oil-massage/,301,TRUE,TRUE,TRUE,FALSE
spabalimoon.com/spa-treatments/deep-tissue-massage-bali,https://spabalimoon.com/seminyak/deep-tissue-massage/,301,TRUE,TRUE,TRUE,FALSE
spabalimoon.com/spa-treatments/hair-braiding-bali,https://spabalimoon.com/seminyak/hair-braiding/,301,TRUE,TRUE,TRUE,FALSE
spabalimoon.com/spa-treatments/head-massage-bali,https://spabalimoon.com/seminyak/head-massage/,301,TRUE,TRUE,TRUE,FALSE
spabalimoon.com/spa-treatments/shiatsu-massage-bali,https://spabalimoon.com/seminyak/shiatsu-massage/,301,TRUE,TRUE,TRUE,FALSE
spabalimoon.com/massage-bali,https://spabalimoon.com/,301,TRUE,TRUE,TRUE,FALSE
spabalimoon.com/massage-seminyak,https://spabalimoon.com/seminyak/,301,TRUE,TRUE,TRUE,FALSE
spabalimoon.com/day-spa-seminyak,https://spabalimoon.com/seminyak/day-spa/,301,TRUE,TRUE,TRUE,FALSE
spabalimoon.com/villa-hotel-massage-seminyak,https://spabalimoon.com/villa-hotel-massage/,301,TRUE,TRUE,TRUE,FALSE
spabalimoon.com/spa-packages,https://spabalimoon.com/seminyak/,301,TRUE,TRUE,TRUE,FALSE
spabalimoon.com/pricing,https://spabalimoon.com/seminyak/,301,TRUE,TRUE,TRUE,FALSE
spabalimoon.com/page-services,https://spabalimoon.com/seminyak/,301,TRUE,TRUE,TRUE,FALSE
spabalimoon.com/team,https://spabalimoon.com/seminyak/,301,TRUE,TRUE,TRUE,FALSE
spabalimoon.com/home-service,https://spabalimoon.com/outcall-home-service-massage/,301,TRUE,TRUE,TRUE,FALSE
spabalimoon.com/sitemap_index.xml,https://spabalimoon.com/sitemap.xml,301,TRUE,TRUE,TRUE,FALSE
spabalimoon.com/page-sitemap.xml,https://spabalimoon.com/sitemap.xml,301,TRUE,TRUE,TRUE,FALSE
spabalimoon.com/post-sitemap.xml,https://spabalimoon.com/sitemap.xml,301,TRUE,TRUE,TRUE,FALSE
spabalimoon.com/bali-moon-facial,https://spabalimoon.com/seminyak/facial/,301,TRUE,TRUE,TRUE,FALSE
spabalimoon.com/balinese-massage,https://spabalimoon.com/seminyak/balinese-massage/,301,TRUE,TRUE,TRUE,FALSE
spabalimoon.com/body-scrub,https://spabalimoon.com/seminyak/body-scrub/,301,TRUE,TRUE,TRUE,FALSE
spabalimoon.com/cellulite-massage,https://spabalimoon.com/seminyak/anti-cellulite-massage/,301,TRUE,TRUE,TRUE,FALSE
spabalimoon.com/couple-massage,https://spabalimoon.com/seminyak/couple-spa/,301,TRUE,TRUE,TRUE,FALSE
spabalimoon.com/deep-tissue-massage,https://spabalimoon.com/seminyak/deep-tissue-massage/,301,TRUE,TRUE,TRUE,FALSE
spabalimoon.com/ear-candle,https://spabalimoon.com/seminyak/ear-wax-removal/,301,TRUE,TRUE,TRUE,FALSE
spabalimoon.com/foot-massage,https://spabalimoon.com/seminyak/foot-massage/,301,TRUE,TRUE,TRUE,FALSE
spabalimoon.com/foot-reflexology,https://spabalimoon.com/seminyak/foot-reflexology/,301,TRUE,TRUE,TRUE,FALSE
spabalimoon.com/hair-braiding,https://spabalimoon.com/seminyak/hair-braiding/,301,TRUE,TRUE,TRUE,FALSE
spabalimoon.com/hair-creambath,https://spabalimoon.com/seminyak/creambath/,301,TRUE,TRUE,TRUE,FALSE
spabalimoon.com/head-massage,https://spabalimoon.com/seminyak/head-massage/,301,TRUE,TRUE,TRUE,FALSE
spabalimoon.com/hot-stone-massage,https://spabalimoon.com/seminyak/hot-stone-massage/,301,TRUE,TRUE,TRUE,FALSE
spabalimoon.com/lymphatic-massage,https://spabalimoon.com/seminyak/lymphatic-drainage-massage/,301,TRUE,TRUE,TRUE,FALSE
spabalimoon.com/manicure-pedicure,https://spabalimoon.com/seminyak/manicure-pedicure/,301,TRUE,TRUE,TRUE,FALSE
spabalimoon.com/nail-art,https://spabalimoon.com/seminyak/nail-spa/,301,TRUE,TRUE,TRUE,FALSE
spabalimoon.com/shiatsu-massage,https://spabalimoon.com/seminyak/shiatsu-massage/,301,TRUE,TRUE,TRUE,FALSE
spabalimoon.com/sports-massage,https://spabalimoon.com/seminyak/sport-massage/,301,TRUE,TRUE,TRUE,FALSE
spabalimoon.com/sunburn-treatment,https://spabalimoon.com/seminyak/sunburn-massage/,301,TRUE,TRUE,TRUE,FALSE
spabalimoon.com/thai-massage,https://spabalimoon.com/seminyak/thai-massage/,301,TRUE,TRUE,TRUE,FALSE
spabalimoon.com/traditional-massage,https://spabalimoon.com/seminyak/traditional-massage/,301,TRUE,TRUE,TRUE,FALSE
spabalimoon.com/virgin-coconut-oil-massage,https://spabalimoon.com/seminyak/coconut-oil-massage/,301,TRUE,TRUE,TRUE,FALSE
spabalimoon.com/waxing,https://spabalimoon.com/seminyak/waxing-salon/,301,TRUE,TRUE,TRUE,FALSE
spabalimoon.com/seminyak/bali-moon-facial,https://spabalimoon.com/seminyak/facial/,301,TRUE,TRUE,TRUE,FALSE
spabalimoon.com/seminyak/cellulite-massage,https://spabalimoon.com/seminyak/anti-cellulite-massage/,301,TRUE,TRUE,TRUE,FALSE
spabalimoon.com/seminyak/couple-massage,https://spabalimoon.com/seminyak/couple-spa/,301,TRUE,TRUE,TRUE,FALSE
spabalimoon.com/seminyak/ear-candle,https://spabalimoon.com/seminyak/ear-wax-removal/,301,TRUE,TRUE,TRUE,FALSE
spabalimoon.com/seminyak/hair-creambath,https://spabalimoon.com/seminyak/creambath/,301,TRUE,TRUE,TRUE,FALSE
spabalimoon.com/seminyak/lymphatic-massage,https://spabalimoon.com/seminyak/lymphatic-drainage-massage/,301,TRUE,TRUE,TRUE,FALSE
spabalimoon.com/seminyak/nail-art,https://spabalimoon.com/seminyak/nail-spa/,301,TRUE,TRUE,TRUE,FALSE
spabalimoon.com/seminyak/sports-massage,https://spabalimoon.com/seminyak/sport-massage/,301,TRUE,TRUE,TRUE,FALSE
spabalimoon.com/seminyak/sunburn-treatment,https://spabalimoon.com/seminyak/sunburn-massage/,301,TRUE,TRUE,TRUE,FALSE
spabalimoon.com/seminyak/virgin-coconut-oil-massage,https://spabalimoon.com/seminyak/coconut-oil-massage/,301,TRUE,TRUE,TRUE,FALSE
spabalimoon.com/seminyak/waxing,https://spabalimoon.com/seminyak/waxing-salon/,301,TRUE,TRUE,TRUE,FALSE
spabalimoon.com/seminyak/pricing,https://spabalimoon.com/seminyak/,301,TRUE,TRUE,TRUE,FALSE
spabalimoon.com/spa-treatments/balinese-massage,https://spabalimoon.com/seminyak/balinese-massage/,301,TRUE,TRUE,TRUE,FALSE
spabalimoon.com/spa-treatments/foot-massage-seminyak-bali,https://spabalimoon.com/seminyak/foot-massage/,301,TRUE,TRUE,TRUE,FALSE
spabalimoon.com/spa-treatments/lymphatic-massage,https://spabalimoon.com/seminyak/lymphatic-drainage-massage/,301,TRUE,TRUE,TRUE,FALSE
spabalimoon.com/spa-treatments/traditional-massage,https://spabalimoon.com/seminyak/traditional-massage/,301,TRUE,TRUE,TRUE,FALSE
spabalimoon.com/massage-petitenget,https://spabalimoon.com/contact/,301,TRUE,TRUE,TRUE,FALSE
spabalimoon.com/spa-bali-massage-packages,https://spabalimoon.com/seminyak/,301,TRUE,TRUE,TRUE,FALSE
spabalimoon.com/day-spa-seminyak-6,https://spabalimoon.com/seminyak/day-spa/,301,TRUE,TRUE,TRUE,FALSE
spabalimoon.com/reservation-spa-bali-moon-massage,https://spabalimoon.com/reservation/,301,TRUE,TRUE,TRUE,FALSE
spabalimoon.com/wellness-bali,https://spabalimoon.com/guide/,301,TRUE,TRUE,TRUE,FALSE
spabalimoon.com/wellness-in-bali,https://spabalimoon.com/guide/,301,TRUE,TRUE,TRUE,FALSE
spabalimoon.com/terms-conditions,https://spabalimoon.com/terms-and-conditions/,301,TRUE,TRUE,TRUE,FALSE
spabalimoon.com/massage-hotel-villa,https://spabalimoon.com/villa-hotel-massage/,301,TRUE,TRUE,TRUE,FALSE
spabalimoon.com/page-about,https://spabalimoon.com/seminyak/,301,TRUE,TRUE,TRUE,FALSE
spabalimoon.com/page-contact,https://spabalimoon.com/contact/,301,TRUE,TRUE,TRUE,FALSE
spabalimoon.com/page-team,https://spabalimoon.com/seminyak/,301,TRUE,TRUE,TRUE,FALSE
spabalimoon.com/iv-drip-bali,https://spabalimoon.com/guide/iv-drip/,301,TRUE,TRUE,TRUE,FALSE
spabalimoon.com/news-grid,https://spabalimoon.com/guide/,301,TRUE,TRUE,TRUE,FALSE
spabalimoon.com/local-health-wellness-news,https://spabalimoon.com/guide/,301,TRUE,TRUE,TRUE,FALSE
spabalimoon.com/news/best-massage-after-flight,https://spabalimoon.com/guide/best-massages-after-a-long-flight/,301,TRUE,TRUE,TRUE,FALSE
spabalimoon.com/blog/best-massage-after-flight,https://spabalimoon.com/guide/best-massages-after-a-long-flight/,301,TRUE,TRUE,TRUE,FALSE
spabalimoon.com/news/a-practical-guide-to-slimming-massage,https://spabalimoon.com/guide/understanding-slimming-massage/,301,TRUE,TRUE,TRUE,FALSE
spabalimoon.com/blog/a-practical-guide-to-slimming-massage,https://spabalimoon.com/guide/understanding-slimming-massage/,301,TRUE,TRUE,TRUE,FALSE
www.spabalimoon.com,https://spabalimoon.com,301,TRUE,FALSE,TRUE,TRUE
